lat,lon
39.8112109,-3.4793277
43.2067152,-2.4200053
43.475226,-5.7907434
42.9147201,-2.1841593
43.2919685,-2.0685453
36.1730213,-5.4614665
37.4127418,-2.9190125
37.5268617,-2.66943
37.6246905,-2.1420372
37.1932036,-3.8398162
37.3219454,-3.1145059
36.6490286,-4.4846992
36.6445627,-4.4926034
36.505455,-4.7160389
38.4803068,-0.6010323
40.016447,-0.0419346
39.9860116,-0.092568
41.7077965,2.5313055
41.6398667,0.877538
41.5971265,1.7146645
40.4226131,-3.5994938
36.7469396,-4.1531749
40.3906254,-3.6307664
40.4137652,-3.6246166
40.6680926,-4.1034738
40.4530952,-3.6052826
40.4505135,-3.8638953
40.493615,-3.7326704
40.409906,-3.7216579
39.6823302,-3.5057496
40.3793755,-3.7188489
40.358796,-3.761344
40.4240203,-3.8345853
40.4567975,-3.8119103
40.476735,-3.7527359
38.2497624,-3.6268555
38.0103363,-4.3754989
43.1803158,-2.470353
40.4985474,-3.8728996
43.3921047,-5.7799136
40.422387,-3.6566349
40.7346418,-4.2032004
40.7447508,-4.4875562
40.6883917,-4.5917085
40.3229829,-3.6923163
37.9212224,-4.5847314
39.430283,-3.517502
38.253362,-3.626082
40.379292,-3.6842872
43.1994668,-2.432755
43.4367762,-3.9100397
43.2339224,-2.4044606
43.3920779,-3.6999298
43.322828,-4.2240554
43.3710535,-4.4700096
43.314799,-4.0701221
43.0591882,-4.0899215
43.3527641,-4.0368911
43.3886805,-3.3454699
43.3639216,-3.2178314
43.4112087,-3.5267751
43.4399241,-3.8337769
43.5156672,-5.6867851
37.6662327,-1.7100705
41.7079644,-4.706892
37.9447068,-1.2672087
40.8175944,-4.1898421
40.7639875,-4.2128365
40.2651852,-3.4041101
40.2521274,-3.768823
40.3820152,-3.5887481
40.3251294,-3.6912993
40.3725615,-3.6005636
36.7468985,-3.9814412
40.3993616,-3.8618143
43.4759087,-5.24973
41.9686068,-7.5301079
40.8053401,-4.4755572
41.7037134,-5.2281289
41.9565208,-7.3259066
42.4399567,-8.6488683
42.4642383,-8.64799
41.9016543,-5.4771499
42.034656,-6.8526279
41.9932464,-7.2364592
41.9232133,-7.410985
42.0399352,-6.8078615
42.0637357,-6.6259443
42.2073001,-7.8233925
42.079306,-7.7119117
42.1768509,-8.5700905
42.1949769,-8.6534655
42.3079467,-8.1021067
42.56935,-8.6705583
42.2823583,-7.87338
42.3053613,-8.1214792
42.3408375,-7.9288343
41.950375,-7.3561083
42.4065967,-8.6525417
42.4332675,-8.6537145
42.0447235,-7.1560315
42.25404,-7.8685933
38.1840488,-1.3204499
43.4245459,-4.8117515
38.6006487,-1.6737465
43.3506731,-5.6813363
42.5956388,-2.8587919
39.8536449,-2.5240016
40.1295737,-3.1685528
43.2995229,-5.7525978
42.1707318,2.9283912
42.4696861,-3.4464664
41.966022,2.7793243
42.6097619,-2.1130468
42.9086025,-5.8926656
42.881141,-5.8892458
41.6058562,-4.8087199
42.7744512,-5.7820091
42.7474791,-5.7715101
42.4998841,-5.6001291
38.7791507,-0.9646462
42.5729854,-5.6632803
40.4510527,-3.7428894
43.1876675,-2.4589327
36.9831945,-3.5812414
36.9664742,-3.5562565
40.6890835,-3.0875303
41.2974209,-2.1563817
40.5028039,-3.3445483
41.8828994,2.3912274
42.0304939,-1.6324977
40.346931,0.2890433
41.2880083,1.5871333
41.7026843,2.5196985
41.3915897,1.2547537
42.274631,2.9396601
41.6974841,-0.9927665
42.2260665,-1.8985607
42.4467038,-5.9278463
42.3431873,-2.0384205
37.166725,-2.85626
37.1552283,-2.825495
37.2746282,-3.095353
37.4897107,-3.5911964
37.4846705,-3.5737199
38.055055,-3.7531267
40.02477,-3.654105
40.0927071,-3.6674843
42.79679,-8.6337283
42.7881819,-8.6428469
37.8052157,-0.8506465
37.804444,-3.7308307
42.1595658,-8.7038557
42.189586,-8.67163
42.2111717,-8.6710164
36.2952127,-5.2900236
39.4521503,-0.7309768
43.3012793,-8.2319742
42.7269195,-1.619471
43.233145,-2.9121552
43.2932069,-8.298432
39.543198,-0.4486058
43.2559359,-8.2941361
39.4606027,-0.8755603
41.7612716,-3.6892065
41.632696,0.7563161
39.4294147,-0.3417381
39.4699363,-1.0052474
42.8823112,-2.6411345
39.542568,-1.5204366
43.3894588,-3.6854395
41.5723003,1.9191261
40.3057897,-3.9060662
39.9071204,-5.2191192
39.212485,-5.8778455
43.20622,-8.286155
42.986805,-8.4317567
43.2138217,-8.2766717
43.5350889,-6.4953276
42.6237016,-6.3016615
42.8797281,-2.6963892
41.4280835,-3.6739149
42.0570032,-3.7425219
42.761018,-2.8239845
39.0142661,-3.7193805
42.8527365,-8.542248
42.9106454,-8.4521206
39.0298222,-3.368108
39.5094657,-1.6707598
39.5176867,-1.9558057
42.8548533,-8.5318783
37.8454128,-0.7919309
37.9713018,-1.232717
38.0631363,-1.6313918
38.027415,-1.4079612
38.0934333,-1.8579464
37.3731385,-3.5960716
37.6453854,-1.0768752
43.2603294,-8.3316087
37.5945147,-1.8643822
42.719321,-1.534669
37.0464661,-4.3764732
41.8332978,-0.8068716
38.4228727,-0.420678
37.4095755,-5.9426211
41.2927502,2.0076322
41.2783268,1.9886108
41.3242116,2.0762101
43.2386517,-8.122595
43.1780102,-7.8040625
42.9304688,-7.3628801
42.8915967,-7.1838917
41.2810085,1.9905391
42.8998033,-7.269335
42.9704402,-7.4972946
43.1929174,-7.8762792
43.2632702,-8.2273163
41.2881303,2.0005713
41.3648582,-1.5844959
41.2023371,-2.378427
41.4750406,-1.4550824
39.5141037,-0.4788848
43.0245322,-4.1138028
42.951423,-4.1445051
42.8659998,-4.1536158
38.3381428,-0.5462729
38.4881266,-0.2961947
38.49645,-0.2847017
36.1720495,-5.4743719
36.2078656,-5.4015183
40.091755,-0.0064239
40.0663636,0.0826086
38.3065163,-0.5780567
43.2709703,-2.9669982
39.8573469,-0.5101715
41.3026251,2.0254945
43.3214801,-1.9390232
43.299657,-1.9692016
37.3748773,-6.0272242
37.3601557,-6.3060126
41.9668238,-4.5045675
43.3467817,-4.0278111
39.6998942,-0.2689697
39.6621147,-0.2791635
39.631435,-6.3939694
37.3137,-6.876745
37.3710545,-6.0978741
37.3523633,-6.5990517
37.3381567,-7.0121933
42.0277723,-4.4916458
38.9408352,-6.359475
42.8603982,-8.6738987
38.8158744,0.0182214
38.079723,-0.7574284
39.4965933,-5.8611023
39.6556614,-5.801448
37.25577,-5.5720889
37.3449544,-5.8265868
38.8835668,-0.7440534
38.6120672,-0.8463542
37.2516005,-5.9120884
39.0745522,-0.5421942
38.915956,-1.5763072
39.648174,-3.7703801
40.2002012,-3.788867
37.3036284,-5.9811627
37.2575327,-5.5369973
37.258003,-5.6130597
39.345721,-0.4293356
40.547045,-1.270793
39.4346605,-6.4078928
37.4705673,-5.6909811
37.3889402,-6.0274498
38.0312506,-1.1556202
39.9822655,-6.1531578
42.6981748,-1.7888535
41.5068376,-5.020605
40.4635003,-3.5136303
42.3037154,-3.7661383
42.0095358,-4.35774
42.9167726,-2.0282203
39.4932417,-2.1388393
42.4021102,-4.2034474
42.6591535,-3.0381427
41.5694285,-0.6327358
39.6367604,2.7691841
42.4611833,-2.6006844
40.8095782,-6.147604
42.9059456,-2.8963609
38.8839904,-6.8912055
43.2122946,-2.8954732
42.2702871,-1.7019879
42.6196185,-2.1017805
37.609918,-4.6916532
39.6043917,-0.3503589
41.5139789,2.0991584
42.9504822,-2.227406
42.9215953,-1.9823416
41.7735131,-5.3100686
39.4432495,-0.520988
37.0324227,-4.4866351
37.6901353,-4.743153
39.858253,-3.9931279
42.6801021,-8.7559392
39.8848714,-4.0293811
41.8591988,-1.9357357
40.4044765,-3.624519
40.5122713,-3.6662761
42.7189533,-8.2863894
43.19835,-7.740435
43.4945083,-8.008485
41.5034985,2.1419004
41.4871435,2.053459
43.3427247,-4.0280399
38.6465396,0.0051427
43.3799696,-5.7137491
43.314934,-5.8667542
43.3908798,-3.7063068
43.34309,-5.702195
38.6040592,-0.0705114
40.2798525,-4.0125203
43.4696517,-7.931025
42.7985205,-4.2365265
40.4519992,-3.8717816
43.432813,-5.538285
36.6493931,-6.081603
36.4708285,-6.2046862
36.5370224,-6.1976581
40.5201051,-3.6000862
36.5924786,-6.183032
39.5165549,-2.2224239
43.2655266,-1.965987
39.4092612,-2.3825629
41.507915,2.1296031
40.0201731,-0.0313673
40.4107246,-1.1810987
38.3606744,-6.3275456
40.0447643,-2.7535471
41.7303081,-5.2547315
41.3556884,-4.9578446
41.4966189,-2.5179161
40.2238666,-0.9419324
39.8520079,-0.501631
40.0232914,-0.0892488
39.6976588,-3.4981805
43.4129032,-3.543201
41.5936009,-4.6179044
41.6184911,-4.6906842
42.3690138,-4.540007
38.7999562,-1.7400981
43.3133475,-1.9702424
40.4570772,-3.8972564
41.0008379,-5.6207163
41.3195564,-5.2103649
42.0045652,-6.0201136
42.3760283,-5.0029933
42.3819623,-5.068131
40.4408942,-3.5628392
38.6159691,-6.3651811
41.6721247,-4.7616096
41.5676546,2.4983713
37.2622895,-7.0099559
41.7438553,-4.6628381
41.5996063,2.5865482
38.5456688,-0.1720823
42.8533584,-4.1678983
39.9848939,-0.1265747
43.2912495,-2.0167824
43.2857676,-2.0291916
43.2835175,-2.1411573
39.8329457,-0.2041229
43.2776011,-2.2485394
39.8264721,-0.206311
39.899656,-5.6834436
39.9641814,-6.0333632
43.2713915,-2.3073523
41.4614654,1.973062
40.2655484,-4.0254329
43.4383483,-3.8624485
42.5007781,-2.2499749
41.4616965,-4.5997199
43.3085815,-1.8750967
43.3142503,-1.8697227
41.2124794,1.6223374
38.471397,-3.5031084
43.3170461,-1.8504684
43.3334549,-1.7783694
43.2861366,-2.3545867
43.2411069,-2.3993925
43.2014016,-2.429335
36.3477271,-5.2711633
43.1862514,-4.0620783
41.5052575,-4.9866116
42.2173008,-0.4404377
43.3862218,-3.8617373
43.2640221,-8.5489301
43.2746422,-8.5295606
38.530105,-0.23404
39.6546249,2.8011735
43.2845492,-4.0809898
42.4027211,-4.3657102
43.4008086,-3.4373323
42.3943043,-5.1441587
37.7881678,-0.8397513
40.6720607,-3.1756535
41.5140532,-0.060189
42.6052698,-6.2538374
42.3189113,-5.6060255
42.5348988,-6.1517356
42.5821833,-6.6532794
42.3187488,-5.9259993
37.2596887,-3.4714188
41.5486413,-5.0744851
41.8996713,-4.5183737
43.2406296,-8.1404687
40.2387582,-5.9693161
36.2126036,-5.5448438
43.3155468,-1.9447069
36.8173027,-3.5180863
37.2278178,-7.0217303
37.6423111,-1.0431055
36.7605762,-3.8371719
42.1253386,-4.4785048
40.3591239,-3.5678616
43.121753,-2.5431268
37.9255662,-0.7378599
37.8796195,-0.7727493
40.6269892,-3.1819503
43.0826694,-2.4420305
37.4346728,-1.6575221
37.6598345,-0.8982851
43.3505676,-8.1995964
43.1468302,-2.0707193
43.2060198,-2.0361801
43.1091333,-2.0980063
43.0538498,-2.1729481
43.0486848,-2.2269601
43.0096526,-2.2363834
42.87811,-2.5884785
41.5451716,2.0137306
40.3339143,-3.66833
42.9507452,-2.227463
42.9009614,-2.7174499
41.4746303,2.2833401
43.0617999,-2.2722077
43.5415957,-6.9769889
43.0047229,-2.2347576
38.6355685,-0.8571812
41.5448766,2.0417455
39.5560767,2.5934689
37.6958986,-1.7028334
40.3228293,-3.4406835
41.5613735,1.8304504
40.0610817,-2.5165514
41.4992486,1.9090245
41.4797795,1.9365496
41.3758301,2.0366994
41.4509563,1.9995702
39.412151,-5.889975
36.5347231,-6.2008975
37.435467,-1.6196332
36.6564712,-6.0851125
36.6180048,-6.2229313
37.4801656,-5.5709258
37.9814423,-1.2441499
42.3006852,2.9431653
39.7506584,-0.3762426
40.2328558,-3.6887987
43.2328599,-2.8652218
37.9977181,-1.1539613
40.3632723,-3.6779177
40.3347809,-3.725668
43.4247822,-4.8194764
43.5050025,-5.3432503
38.1235602,-1.2545764
41.6512705,1.8568038
39.5393905,-0.4522738
40.3990104,-3.8677386
41.922311,2.2358273
43.3584942,-2.8555606
38.6196949,-0.5541279
42.3884848,-8.6408409
40.3932154,-3.8861412
40.4773391,-3.9968645
39.4939605,-0.449739
40.5439113,-3.5544312
36.7190203,-4.6858567
37.2820162,-6.9274427
42.0185759,-4.5078414
39.8481681,-0.4970478
40.007882,-0.693208
36.9683748,-5.957309
39.0554788,-3.2829233
37.8868891,-4.7461043
41.7376411,1.5225145
39.8786026,-3.9949445
37.2646104,-6.5313786
37.8568502,-6.2180516
43.360205,-2.8436813
41.801128,2.8352645
40.2744973,-3.692893
41.6819154,1.2406545
41.1360257,1.1472909
41.2844745,1.4972403
42.286672,-1.7101588
41.2851073,1.4572638
39.8008489,-6.3679461
41.1395481,1.1435653
41.3913837,1.2305965
41.5431142,0.686586
41.9570887,2.7845863
42.1104349,-4.16972
42.6927274,-8.7419468
42.1696178,-8.6207816
39.4407997,-0.5393919
43.0503233,-2.1821284
40.920734,-4.1097032
42.6669231,-1.8432461
37.8175771,-4.7978084
42.6767639,-1.8829247
40.4029507,-3.5728477
36.5383836,-4.6775355
38.2390995,-6.2910578
37.3894269,-6.0314542
37.329978,-5.9058136
40.332645,-3.7288655
37.2328434,-5.3588048
40.2586478,-3.8880785
38.8661818,-6.7971243
38.9465041,-6.1769175
40.1527989,-0.8240138
40.3204948,-1.0079582
40.3558064,-3.7591961
39.1695867,-5.9033131
38.9449503,-1.8303251
39.6399293,2.7791407
37.2745803,-4.8249811
41.5865993,1.6734695
38.6921706,-6.3819497
37.0723164,-4.5049343
41.6619618,2.7115437
41.4907314,-3.7020874
39.5821291,2.6239476
42.7347899,-1.6178829
41.5193633,-2.5426679
42.8673225,-2.4787025
42.62612,-8.11593
42.6811557,-8.162398
42.5919597,-8.0843089
40.7300504,0.585895
42.9253806,-2.6455488
43.2993852,-8.25811
37.6274879,-0.9438577
40.770315,-6.2908345
37.7026222,-0.8652179
37.8275919,-0.8164322
40.3424151,-3.8682195
42.3144599,-4.4025913
41.4402832,1.8436159
41.5535249,2.4094539
39.160373,-2.988337
41.5104431,-5.0157197
40.923313,-4.108366
41.8769116,-0.7945607
41.0701872,1.0103845
41.4620818,2.2323437
41.1086677,1.1286871
41.696945,-0.9910365
42.7406277,-1.6222908
39.5192668,-5.8350125
36.8863321,-3.4926472
42.7266696,-1.5515311
40.8783724,0.7913622
41.3846931,1.7427725
41.3537166,2.0598455
39.4514119,-0.7341646
40.1029897,-3.8793483
36.7632164,-2.8615714
39.0549892,-0.2299148
39.007058,-0.2246653
36.7227492,-4.3095532
43.5265507,-5.9215448
41.1384209,-2.4372793
41.5050503,2.360985
39.4852059,-0.4653733
39.4369469,-0.5371925
42.0314516,1.8739732
41.4571019,-5.7221544
42.4758343,-2.3348294
40.5716794,-3.2880587
42.1525122,-8.6433141
41.6884902,-0.8330023
40.4925466,-3.8680529
42.3012841,-8.7445242
42.5640013,-6.5536163
42.3736308,-3.6134839
36.4150251,-5.6639802
36.5690204,-6.0217081
40.6677611,-4.7150015
42.5996237,-6.2286273
37.7830933,-3.7534945
42.7020343,-4.2922696
40.6478803,-4.726508
39.6355534,-0.6084266
41.0260281,0.9325124
40.6936673,-5.625065
41.9104159,0.2218786
37.7719935,-1.069981
43.3860722,-5.6885468
42.5117683,-5.7647698
41.5040165,-2.539777
43.3832594,-5.8309024
43.3817342,-5.8326166
43.3484887,-5.8500053
43.3046822,-5.8547921
40.3650931,-5.8340302
40.4411584,-5.68915
41.740556,2.6426266
41.3449969,-5.1763054
42.4464677,-2.5634176
40.6831705,-3.6102038
40.9806947,-5.6901489
42.9435569,-1.8269134
41.3526135,-2.4789155
41.6934376,2.7431424
42.8469641,-2.3774729
39.456765,-6.243568
42.4580945,-2.4265436
40.0518272,-2.3501007
41.469261,2.2786402
38.1477773,-0.8198463
41.1045933,1.1329276
36.682244,-4.47133
41.1287473,1.2281103
42.4175042,-2.6934775
41.0395055,0.9523579
41.8324324,1.8835653
41.582488,2.533366
41.786812,2.758281
41.78736,2.790055
42.9137145,-1.8912512
36.8149418,-4.4481229
36.8584811,-4.442441
36.956564,-4.447243
41.5624086,2.4910786
41.537988,-4.7058987
37.3588682,-6.9593315
38.8304089,-0.5469728
41.7048991,1.8619246
41.9565053,2.2870115
37.4255469,-5.9031095
42.3064026,-3.7542156
43.3827251,-4.5780155
38.1241151,-0.7810094
42.3158079,-3.7047382
36.7551748,-6.0747186
36.6876222,-6.1709396
36.5397288,-6.1698449
41.5943307,-5.1218416
42.3465047,-3.7922717
41.5300145,2.1702021
36.3159808,-6.0571695
36.1678893,-5.4569149
36.7825061,-3.5054735
42.3659529,-3.8441427
41.093645,-4.22882
39.7883,-6.3683665
41.3564225,-4.2995578
42.3757864,-3.9093188
40.2550356,-3.8847457
42.4679177,-2.6457218
41.2941956,-3.6041507
40.8766046,-5.054881
42.0914353,-1.720312
41.4957779,-3.7066395
41.4041095,-3.6521582
40.8476652,-4.9719433
43.3094496,-1.9171639
41.0569434,-5.5445001
42.4219602,-2.5915126
41.1773252,-5.6952478
41.3400174,-5.7214303
41.4561747,-5.7241518
41.5307821,-5.7047944
41.557097,-5.7445054
42.1555745,-4.083064
40.9304427,-5.8164686
42.273278,-3.8998471
40.3488845,-5.8440388
40.4607003,-5.6781152
39.469964,-6.3155519
42.408831,-4.2691172
42.4027434,-4.1748643
42.3951515,-4.0213054
42.3895579,-3.9894859
40.956484,-5.7270383
40.8036217,-6.1988955
40.9068138,-5.8850842
42.2721115,-3.700955
40.6162478,-6.5130232
40.5878404,-6.7497258
40.9555216,-5.7119526
42.1533469,-3.7013068
42.1009065,-3.7226246
42.0327812,-3.7647914
41.5183286,2.1508436
42.5311231,-3.3214914
43.4298811,-3.928275
41.4890085,2.1567802
41.3875279,-4.2930862
39.4815584,-5.8511046
42.3340188,-3.6218544
43.2877178,-1.9493179
40.6427925,-3.7308154
41.9290446,-3.7611841
41.8795966,-3.7325658
41.8518079,-3.7256867
41.7736894,-3.6976335
41.7435152,-3.6883395
42.8847707,-2.1828129
39.871614,-4.0090245
39.8538516,-3.9856052
40.7629079,-4.7537347
42.7251024,-7.0264018
39.3985959,-3.2848059
42.0067305,-6.2519929
41.5261941,1.8807411
41.0000418,-5.6594213
37.3524841,-6.600351
41.6090149,-4.7242642
41.2962877,-2.1610029
41.6827707,-3.7239625
41.6077985,-3.6949561
42.0425016,-5.7444947
42.3339477,-2.0157358
41.5565981,-5.6139373
41.6785029,-5.2076368
37.5704783,-2.5895547
37.6416365,-2.056129
37.50995,-2.8063649
41.5190167,2.0282665
41.9930113,2.7924679
41.2477407,1.808555
39.9087106,-5.2121733
42.0568477,-6.6645606
37.9269255,-1.2857817
42.964611,-2.8720792
40.2788477,-4.0228316
38.6959959,-0.453227
43.2850654,-2.8912193
38.7950747,-0.4514042
38.7906192,-0.4207108
41.5061242,2.1269349
41.6721746,2.4816569
42.0446203,1.8764076
42.1305236,2.9142469
43.2032849,-3.0924058
43.2131211,-3.0364618
43.2358369,-3.0046215
43.2702847,-2.9693788
43.2088476,-3.1005077
37.3546758,-6.5589382
43.3136511,-8.3663231
42.5050925,-5.5811088
37.3816879,-5.9430522
39.5154176,-1.6177529
42.4789682,-3.4301194
39.3595066,-2.2051533
39.649893,-3.5174504
39.3192192,-2.371713
37.2362737,-5.8276277
40.3980613,-3.8297668
40.2556895,-3.9134873
41.732555,1.6499974
42.7517671,-2.8356801
41.5251359,-0.1766154
43.3716062,-5.8124234
42.0000174,2.2505023
42.5771233,-3.2545997
42.4224555,-8.0152198
43.3836439,-7.7769346
43.5018763,-5.7905764
42.6243677,-3.113605
42.8806033,-8.5107837
42.9302706,-8.4708924
42.6939977,-2.9848174
40.5269729,-5.6706339
41.0387922,-2.4516979
38.6800386,-6.3772898
38.0930899,-3.6811978
40.3953106,0.3677995
40.6766287,-4.6080373
40.7405401,-4.2578122
36.7573979,-3.8965928
41.9826349,0.1318953
37.9202403,-1.1606184
43.3651688,-5.9517042
43.3544401,-3.1778354
42.2521809,-0.444654
39.1647942,-0.5192766
43.2772162,-2.0149344
39.9507912,-3.5078241
37.2733419,-5.4447152
43.1839062,-5.8082711
43.1171415,-5.8172367
41.2661942,-5.2665223
41.4312098,-5.1028379
37.2586762,-7.3050615
38.948689,-0.5586578
41.6588707,-4.6691735
41.5966556,1.7171091
43.4181488,-5.8171811
43.3984227,-5.684157
37.8218179,-0.8494315
39.9861984,-6.2696703
38.1325001,-6.274564
37.89488,-0.949852
43.4315324,-7.3385272
43.5464101,-6.8769583
37.5332001,-6.0934555
37.3765965,-6.0265451
40.789891,-4.214755
38.9402398,-6.3429768
42.057235,-7.130656
38.916068,-1.7314873
37.5255572,-5.2617884
37.4944948,-5.4750239
42.8454398,-2.4171503
37.3327163,-7.1536998
42.6739171,-2.8865161
39.0687085,-3.557894
37.9274128,-0.739247
39.6579431,-5.7975464
41.5549731,1.9813902
40.3109474,-3.8003071
37.0707178,-4.5303024
42.3699164,-3.6359405
43.31148,-3.0326998
43.3895285,-6.0116256
40.7160382,-4.1612642
42.576672,-5.6216814
42.8804243,-5.8871037
42.0576198,-5.6806916
39.5166067,-2.918769
36.6082231,-6.2432487
36.7151208,-6.248664
43.3385276,-3.0485788
37.721444,-3.9846092
36.7175979,-6.0378836
36.7452053,-6.3507392
38.0917028,-1.8096942
37.3017556,-4.8672177
40.0273031,-4.3407405
43.3839586,-5.8114353
43.2409331,-2.9318844
42.8381679,-8.5278759
42.8721173,-8.5237789
39.635908,-0.2949295
42.1106378,-4.1696249
41.4943535,0.3345631
37.8181416,-3.7643432
42.0302503,-4.3030663
42.0055284,-4.3651486
39.7972563,-3.2076799
41.9906541,-4.4052642
41.9799728,-4.4352889
41.9854746,-4.504871
41.9042856,-4.515693
39.9376016,-4.1010047
39.950347,-4.0315381
43.2957891,-3.0214571
41.8586869,-4.5490607
40.9288054,-5.3844857
41.8213981,-4.5779354
39.6300834,2.7239382
40.8855751,-5.6647146
39.9029825,-4.0139322
39.9513796,-3.5087033
40.8087407,-2.9429237
38.9219537,-3.9887594
39.9024517,-4.070273
39.1410361,-3.0330038
39.161418,-2.9932434
39.1175942,-3.1049136
39.9595702,-3.8697481
40.6564682,-4.0952142
36.9395528,-4.4334964
42.8276529,-8.5286745
37.2952417,-4.4748089
37.4639925,-4.5833848
37.3023675,-4.4744407
42.4028837,-4.3578772
41.5116774,-3.7160119
41.3803757,-3.64517
41.3022126,-3.6059698
41.2370657,-3.5884343
41.5262141,-5.2625948
41.0809522,-3.5993195
41.0538599,-3.6143211
40.8730645,-3.6005097
40.9990029,-3.6409543
40.9816038,-3.6384295
41.5488428,-5.6458928
37.4138278,-6.0304216
40.8427209,-3.6198768
36.4481712,-5.7464087
40.7948896,-3.6179803
37.0703262,-4.5400863
36.7736146,-4.4259096
37.0724354,-4.5691396
37.0710552,-4.5355331
36.9112587,-4.4442487
40.0475516,-3.6700586
38.8542491,-6.6094842
39.6402603,-0.5999077
39.5955754,-0.5438152
37.0982972,-4.6333813
42.5385417,-4.3790633
41.7309448,-4.6771537
40.6925246,-3.5944026
41.8095432,-5.3557238
40.6715407,-3.6107964
41.6936838,-4.7226692
40.041391,-2.5744572
42.5011296,-2.2517902
42.0199762,-1.5737981
42.0584573,-1.6286252
41.9921153,-1.5357727
38.8608904,-6.5452075
42.0535047,-6.5505474
42.3475077,-4.6662434
40.2937392,-3.8286272
40.2995445,-3.8266748
42.8893544,-2.1620236
41.442616,-4.4125862
41.6827365,1.2830972
41.7311316,1.8011256
40.6201567,-3.7275948
40.4754914,-3.8954251
40.289989,-3.7605441
40.2755839,-3.7506667
42.9151247,-1.9431953
40.4431688,-3.5149061
41.4500832,-4.4935786
41.4559577,-4.5363474
41.5237172,-4.6418215
40.0581156,-2.4591196
42.5043073,-5.5790972
40.7785291,-4.7578135
43.4338472,-5.6835393
42.3661486,-3.6412596
41.2727051,-4.8865076
41.3299624,-4.916794
41.553582,2.2389468
43.3795709,-5.5874692
43.3875245,-5.6429875
40.3973448,-3.8327817
41.3846892,-2.4686192
42.9212224,-5.8775084
41.3986074,1.975794
38.9444989,-0.6438734
39.272658,-3.1257152
41.6022112,-4.7240423
40.3965206,-3.8869067
40.3960361,-4.0433494
36.7682735,-3.6883458
38.8385469,-6.6302215
38.8750614,-6.4697558
38.1862921,-3.6923081
40.0422656,-3.6624473
39.251206,-0.4747537
42.4984435,-8.7410291
43.3013602,-7.7015905
39.1715268,-0.5171373
39.4774148,-3.5222218
38.2186849,-1.3530454
38.5488316,-0.8171607
37.162788,-4.1234675
41.6723147,2.4818675
37.1797889,-3.9426662
37.2317721,-3.6818882
43.245762,-8.6876804
37.1362075,-2.7294853
38.5698418,-0.655113
40.4479765,-3.4193512
41.4164208,-1.4994981
39.2375956,-3.4120964
42.1670309,-4.4607488
43.2858346,-8.439307
41.4411066,-4.3957455
43.1929616,-7.9497022
42.0289652,-4.5897205
39.1185534,-1.9995488
36.4708438,-6.1874394
37.3054041,-3.6564656
40.1009858,-3.8588147
40.1639241,-4.0959815
39.6980111,-6.4066249
37.1937062,-2.9869908
42.8000441,-8.484429
42.7308787,-8.3607157
42.7161711,-8.2420067
41.4533663,2.0015887
41.4040617,2.0120897
42.6358669,-8.1303516
40.0179305,-3.8196331
39.9380553,-3.4350135
41.4608426,1.8986862
37.5972194,-1.3392046
37.6289657,-1.3430224
37.8348105,-4.8007743
41.9774067,-4.455393
42.4100391,-4.3886347
42.6739483,-4.3182263
42.7422865,-4.2903289
42.8622336,-8.6066351
37.8152356,-1.3952696
42.009906,-6.1082649
41.6386617,0.6793591
40.9204741,-4.1543438
40.961936,-4.6209288
37.3945337,-2.9570814
37.5934452,-2.4232896
41.7763654,-4.6179384
42.9194015,-2.1971001
39.3196744,-3.1669891
38.3391946,-3.5448871
41.5126995,-5.167156
42.7137121,-2.8709333
42.6088004,-8.9637935
42.6883163,-8.6334824
41.9854348,-7.2870316
41.0180078,-4.1760975
39.4096852,-2.2162167
42.3642281,-3.7776241
41.6666277,1.2973239
40.4787954,-3.6417375
42.706069,-2.9093519
40.3917724,-3.6773762
39.974647,-6.3338912
39.9841119,-6.5065052
39.9840891,-6.2699997
43.5103179,-5.8137535
38.258671,-1.4362209
38.6917075,-1.6718712
38.848773,-1.7654811
39.0896845,-1.9688537
37.8261457,-1.1124456
37.8108523,-3.7886937
38.5360663,-0.8094853
40.1343154,-0.7779607
42.3793657,2.8859949
42.2876743,2.9409679
40.181372,-3.7087686
40.360203,-1.0572896
40.4661838,-1.2404348
40.6749187,-1.3138177
40.8005746,-1.3317857
40.9423779,-1.273595
41.155216,-1.2937203
41.1691058,-1.2915622
41.3423099,-1.2078115
41.4701342,-1.0976301
41.5842624,-0.9552017
43.2430511,-2.9288145
43.2987703,-2.8823996
41.4993432,2.0495953
41.5238674,-0.449028
41.6149397,1.8867595
41.5864233,0.6284359
41.5962821,1.8999862
41.1512791,1.0834586
43.2326755,-2.8794575
41.3295951,-1.6620204
41.8772524,-1.8929461
37.5195887,-2.6983403
41.4622179,2.0283215
42.3074137,-8.7222477
41.2432681,1.7646603
41.1476208,1.3118992
40.9930845,0.9050321
43.5351591,-7.2300334
40.8424074,-4.1472694
41.4134934,-4.317735
41.1557195,-4.2661514
41.5111842,2.2058645
37.1419037,-3.6062086
41.1143221,-4.2553575
39.9461113,-3.8752854
40.2372844,-3.732939
40.9574777,-5.7099724
37.3602831,-5.8764804
37.6894764,-1.01741
36.9004833,-3.5252697
41.195903,1.5408367
40.3568813,-3.6175728
37.2410468,-3.6514846
43.2355149,-2.8059545
43.2569368,-2.9530023
38.4667894,-1.222507
36.7125632,-4.5148778
42.0584008,-8.6519613
42.1475777,-8.6352088
42.1994232,-8.7670405
36.752251,-3.1563347
41.2147526,1.630374
41.5371052,-1.2430133
38.3511928,-3.5298637
38.0511901,-1.6802313
37.247033,-5.8406106
42.8119959,-7.1032291
37.3030985,-5.9129186
41.6376063,-0.8318437
36.7154007,-4.4578186
40.979724,0.884389
41.1333584,1.279592
39.0252805,-1.8512827
39.0139125,-1.8584378
37.3931966,-1.7258736
39.5783169,2.6152431
42.4570333,-2.4869644
40.6848866,-3.7828818
38.7147586,-4.1006208
38.9470604,-3.8829814
41.8698826,-7.4329409
38.9049014,-3.8501535
38.8665978,-3.6943032
38.8919485,-3.755619
37.4651979,-1.8824901
38.1886299,-1.324947
42.5190247,-8.6778373
38.9811992,-5.825345
42.3398166,-7.9911397
42.4487064,-8.0230575
41.6382248,-2.9315018
38.8745707,-1.3488968
38.8909466,-1.7858683
43.104962,-7.6030321
41.6640736,-3.72938
43.3263557,-8.4218484
41.3135525,-1.7063121
39.2708836,-0.3791945
41.212536,1.617504
38.0649593,-1.5950338
43.5462996,-7.1514765
39.1286018,-0.2967221
37.8918233,-1.3522947
40.3991491,-3.7110396
41.7323516,1.7848657
42.9093025,-5.8926749
40.9027851,0.8151539
40.4618551,-3.5761511
38.8790832,-1.2248686
38.8776982,-1.0706882
38.6680797,-1.6642699
42.1192696,2.2007526
41.7726298,0.3736367
43.0136459,-7.5162671
42.0821257,-7.7152749
43.3033635,-5.6977671
38.40957,-3.4991499
43.5056584,-5.5939352
41.7448169,-1.0909885
43.5307158,-5.9520892
43.4780392,-5.4604846
43.439529,-4.9606616
43.4807748,-5.2546393
43.4444052,-4.9140792
43.3824156,-6.0937383
41.508654,0.8448264
39.9167141,-4.0429016
41.7927476,0.5531247
39.2468286,-2.6210723
39.9246806,-3.4794388
39.9449088,-3.4948463
39.9527688,-3.5065145
39.9495622,-3.2467539
39.967763,-3.4341318
39.9723494,-3.3834996
40.0012167,-3.0354055
40.6427809,-3.1419573
40.4031922,-3.5747582
38.6968793,-0.91585
37.6108081,-1.9170461
39.9609523,-4.209819
38.5947095,-0.7342784
43.4990306,-8.0320064
42.194544,2.505651
39.9453753,-3.5409425
41.8847708,3.141886
41.8560094,3.07953
41.8287792,3.0648038
41.8721433,3.1382998
36.4055132,-5.2315831
37.6577938,-0.9827625
39.3046204,-2.2020556
43.3013041,-8.2484056
39.8341485,-2.5068941
39.9575227,-2.9227761
40.0639019,-3.0796838
39.3683966,-2.4666708
40.0520344,-2.8870334
39.4124011,-2.5863519
39.4719298,-2.7327973
39.4860024,-2.8365756
38.9927319,-1.8381661
38.5086596,-0.7950857
37.6010787,-1.8869735
37.3827808,-6.06326
39.9046176,-3.3428609
36.757671,-4.0874346
36.6680184,-4.467069
40.0198711,-6.1279899
43.3078105,-1.8842737
37.974159,-3.7917734
37.7548559,-3.6991089
39.2884048,-3.4552344
37.4550668,-3.5633868
38.4451379,-1.5802286
37.3622144,-2.0655503
39.1299848,-3.3789669
39.7242616,-3.4929005
39.3943621,-3.5032284
38.8445278,-3.3942233
38.7260692,-3.4175106
39.5551089,-2.9837625
36.7111956,-4.520379
37.3809089,-2.1925627
39.7748526,-3.1473804
38.6901895,-0.4567458
38.9445895,-0.6441977
39.2095731,-2.1454783
38.6993197,-0.4528747
42.9712457,-7.4967956
37.3180143,-1.9667621
37.4885173,-1.8562146
37.5525801,-1.8189966
37.4069615,-1.9581494
37.3720929,-1.961717
37.577797,-1.7960017
39.5326931,2.4663041
42.8762618,-2.2003991
41.7316924,1.7661811
39.9029301,-2.7173834
39.738249,-2.4199888
36.5868861,-4.5962293
41.0277958,-2.5140447
38.7939571,-0.4469869
37.3277087,-1.7769848
37.2771647,-1.844826
37.2607375,-1.9020214
39.8164088,-3.9838165
41.3160225,-1.9091132
40.033061,-3.9264562
38.0889229,-3.8215494
41.622531,0.6997853
41.4761386,-1.4528577
41.6172962,-1.0379516
37.2831852,-1.9243939
39.8993182,-5.6783354
37.2154294,-1.8971925
37.1644723,-1.945432
37.1574098,-1.949558
40.3663094,-3.6616135
42.0674697,-0.5181423
41.8645957,2.5843658
41.9592942,2.2531311
41.8589821,1.9960786
41.7336868,1.6805627
39.0655689,-0.5407172
41.8429965,0.2873512
38.7263606,0.0525298
37.0461949,-2.0393532
37.0285012,-2.0439612
40.5313528,-3.2902705
38.9835304,-0.5782983
36.7249401,-4.253344
36.8274505,-4.4695892
39.3602465,-2.4505115
36.9563821,-2.122912
36.9501641,-2.1709745
36.9260737,-2.2099309
37.0916164,-2.5242747
36.8645556,-2.2665577
43.3396254,-3.1198543
37.7058463,-1.6261092
37.7438851,-1.5155849
37.8025916,-1.4242751
43.4348639,-3.8764182
42.6940284,-1.7909479
43.3848218,-5.6629947
43.3975488,-4.7168274
38.7953007,-1.7350324
38.1992184,-1.3400981
43.242473,-2.9308979
36.891401,-2.4358366
38.8137064,0.0187849
36.8786917,-2.4587246
36.8220225,-2.5731047
36.8215978,-2.5716409
41.5614368,2.4891796
38.5905266,-3.4715565
36.7107925,-4.4574139
37.3941378,-5.9440385
43.3544058,-5.7248282
43.5546163,-6.1704441
43.3395976,-5.7063051
43.402074,-3.4310359
41.830886,1.9699754
41.8824931,2.64803
41.8581813,2.5067579
43.0741918,-2.2957352
38.6718986,-0.8872468
41.3875375,2.0201152
42.5668426,-5.6579067
40.2017741,-3.6784585
41.5962595,1.693669
41.6430842,0.9005364
41.634926,1.0302845
41.8831611,-1.4095298
41.8149356,-1.2692587
38.726323,0.0522774
42.8159032,-1.7155363
41.7297739,-4.6779248
41.3297276,1.6738459
41.2958376,2.0503876
41.305648,2.0607055
38.2306196,-6.294853
41.6486137,1.0931958
41.2426986,1.7631222
41.8256984,-3.7056808
41.641227,1.0634282
37.2256581,-4.7841948
40.3615836,-3.5654908
38.0401175,-4.0180135
42.8678333,-2.3182345
41.6906489,-0.9694242
42.4735368,-2.4160594
42.4397827,-2.5285265
38.9319697,-0.2146427
43.3047673,-3.0234665
43.4787562,-7.9414317
41.594355,-4.7232563
36.2826758,-5.5835605
43.2439867,-1.9995247
43.3187418,-7.6932716
36.6124991,-6.1885443
36.711527,-6.0725337
36.533169,-6.2026594
36.422099,-6.1150086
36.2514012,-6.0041664
42.1369326,-1.6897002
36.4892082,-5.9200635
42.1841395,-8.6971909
39.7010971,-0.8106789
38.963547,-3.3825426
36.7190342,-6.0097937
42.9069856,-5.8892964
40.0236522,-3.6538177
42.667622,-8.8152638
38.8619493,-6.3642265
40.3862846,-4.1913668
40.4723878,-3.4203647
42.9612792,-2.8287045
38.0019186,-1.1845145
39.6268894,-0.296821
38.1238636,-0.9652977
38.15208,-0.915489
38.2169665,-0.8179879
38.2383883,-0.7834796
42.7923427,-1.688604
38.2830816,-0.725492
42.9434563,-2.6395848
38.3046927,-0.6697825
38.3161861,-0.6635974
38.3036804,-0.6255513
38.3431657,-0.5422232
38.3791327,-0.5162555
38.3568855,-0.5364043
38.3794838,-0.5066774
38.4240379,-0.4188803
38.3841521,-0.4916513
38.4026765,-0.5502861
38.383832,-0.6252739
41.7128147,-5.7894473
41.9725834,-5.6006646
38.4294733,-0.5546595
38.4083682,-0.5981058
38.4375625,-0.4509437
38.4454195,-0.3918976
40.3945339,-3.6723974
40.3229199,-3.6916873
40.213414,-3.8934068
40.3251432,-3.7284813
43.5352203,-6.6568818
40.4706745,-3.8193319
41.6652429,1.2101687
41.681239,1.2354736
43.5183763,-5.6950057
43.3478473,-4.0279627
40.2661403,-3.4022339
38.0015597,-4.411906
43.3941645,-3.8023066
38.8302966,-0.5167331
37.6448522,-0.9172367
40.3067677,-3.8382364
43.2953937,-1.9675455
43.3816416,-4.5702467
43.382663,-4.5660747
43.510131,-8.048822
42.4329677,-2.8029675
39.4782329,-2.0439937
40.3425298,-3.8663369
43.3753463,-7.4194858
43.3587435,-7.4657911
43.3811708,-7.3561061
41.6919866,1.3171622
43.4234647,-7.3393939
43.4973713,-7.2829439
43.5052368,-7.2715884
43.5352837,-7.2025286
43.4043635,-7.3390493
42.8762175,-7.8972662
42.9606261,-7.509345
42.9557197,-7.5721739
42.9454832,-7.5972246
42.9182664,-8.3695108
42.9273441,-8.3228159
38.9691768,-1.8200974
41.9030605,2.2473495
41.2593844,1.9092667
42.7864303,-1.6545416
41.67736,0.7184326
36.4320904,-5.1722005
42.7564643,-1.62781
37.24521,-5.8391637
43.3702335,-4.4629028
43.3698899,-4.4316805
41.8949159,2.2449607
41.6373897,0.7906581
41.7526442,1.8447894
39.0082671,-0.5659629
41.6408158,0.675539
43.029721,-2.911853
41.6330154,0.7359163
41.6874927,0.7331296
41.6323055,0.7462486
38.8969893,-0.3248548
41.5994082,0.6542272
40.6358101,-4.0073871
42.4397885,-2.8605843
36.4721217,-5.8067644
38.9835038,-0.5984395
39.5890416,2.6713415
40.6136281,-6.8192998
42.891263,-2.1616511
43.24703,-2.9348979
37.1907482,-3.7362863
43.2449846,-2.9299752
37.8536221,-4.7820369
39.657984,-0.2360808
42.2400003,-1.9012112
43.3221585,-4.2824111
42.8799276,-2.8936731
42.9173966,-2.0268507
42.3064458,-0.4250925
43.2476398,-2.9397615
43.2806377,-1.9589289
43.4670534,-5.49605
43.387874,-6.128535
39.4717136,-0.5483181
43.3234799,-8.411108
43.331671,-3.8432125
41.1316887,1.1266762
37.1645693,-5.9116424
43.2204701,-2.9110184
40.4823726,-3.9244494
43.2190755,-2.9093221
37.2257132,-7.0232836
37.16801,-5.9084465
42.1438599,-0.4306396
39.4228861,-6.401998
38.4365762,-0.7832806
36.5099688,-6.2395761
41.6645539,-4.6682307
42.8996579,-7.7120433
38.9201844,-0.137088
40.5053581,-3.3620179
40.0749835,-3.8407272
40.3466453,-3.8588396
43.0887286,-2.358374
42.3802023,-3.7213257
41.674298,-2.8452717
41.8728928,-5.7033531
36.749212,-3.3154224
43.3312458,-3.9691445
41.7361145,1.429315
41.735336,1.4873977
43.3521644,-8.4684143
37.8139005,-3.6029202
43.2280402,-2.0153831
40.6335471,-4.0020544
41.9366763,2.2206262
42.2918792,-8.6598337
39.8782829,-5.5407578
43.3234545,-4.1722725
40.5124849,-3.8959036
37.2283648,-5.1128615
40.4853627,-3.7165536
37.6087854,-0.9682888
37.6205128,-0.9485182
43.3024858,-1.978627
39.9802798,-4.26238
40.411462,-3.553668
39.6232928,-3.7622097
39.2365704,-3.0958544
39.3705979,-3.2183314
39.8167973,-3.9788442
40.1699562,-3.8145963
40.1039247,-3.8870385
42.1422769,-8.4642157
41.7313168,1.7551633
39.6144498,-2.2906508
36.7191222,-3.3775313
42.0829748,1.8604247
42.8847257,-7.8862918
38.0960154,-3.6999284
43.3798575,-5.6983476
42.8453365,-5.8757893
36.7561686,-4.1047977
37.3188027,-5.8968754
36.3930912,-5.2525463
37.8035051,-3.7147706
42.8657817,-2.2379995
43.3845186,-5.7395061
37.6646619,-1.0246306
37.6773253,-1.0101547
38.5738927,-0.83963
37.6679893,-0.9126378
37.6558914,-0.9065748
42.1713051,-8.376948
37.644557,-0.9166976
37.6074386,-0.9187386
37.6408599,-0.9627736
37.6356929,-0.9574093
37.6863677,-1.0189994
42.9279489,-1.8279346
37.6616454,-0.9028371
37.6752829,-0.8888718
41.5060834,2.0496861
37.7264324,-1.0305193
42.1148584,-0.2885583
40.0711315,-2.3280293
37.6576884,-0.8977715
43.3381682,-4.0316378
41.6816068,-0.8767806
40.4233886,-3.7277436
43.361916,-3.2177067
43.1682339,-8.7948987
43.3983061,-3.439867
37.3838484,-6.0569352
37.7666908,-0.8443687
36.7524866,-3.9582025
39.7112609,-0.352921
37.8396536,-1.1009964
41.6419619,-0.7567631
42.155263,-8.4919752
43.3940965,-8.1730203
37.3415038,-5.9818698
41.9923479,-0.6682938
38.9625646,-1.9368896
42.9210249,-1.9852052
41.8521467,-1.3745127
39.6949549,-0.2803001
38.5813934,-3.4838256
41.5690967,1.9337467
41.6741947,-0.9299566
42.7096761,-1.6289922
40.4894186,-3.6440423
39.0841763,-0.245768
41.4961554,2.0490368
41.5994519,1.6192169
42.1043718,-0.162429
40.4668587,-3.4513213
38.3083258,-0.576093
38.6496862,-0.8719929
40.6595508,-4.7222263
40.3503597,-3.7812384
36.7601128,-2.8180211
36.7589516,-2.9290897
36.7540178,-3.1129784
36.7559876,-3.0280377
36.9209515,-2.4311577
36.9504546,-2.459708
37.1039422,-2.5282474
41.3298053,-1.6434795
37.3004523,-4.867416
43.361487,-3.1887618
43.3824281,-6.0902467
37.8140914,-1.122855
41.5075972,0.4155105
39.967313,-3.7910689
41.6672482,-0.8119727
39.8730822,-0.1884145
39.5697711,-0.2955584
41.3225426,1.723517
39.849055,-0.4990761
41.0922505,-1.2904545
39.4570236,-0.8967347
39.4714303,-0.679753
39.4697962,-0.6991822
39.5547864,-1.1922484
38.497555,-1.6442683
39.5115669,-1.9776542
39.6179572,-0.5640325
39.7089133,-2.3925564
39.8996757,-2.7096424
38.5490187,-0.1644552
39.9943745,-2.9746869
40.4057686,-3.6620057
42.9031577,-2.7123841
37.1026487,-3.6735379
41.8436724,2.2325718
41.5102692,0.0269122
41.8176776,1.8938454
39.1340219,-0.5248204
39.0669698,-0.5428696
39.0273922,-0.5515687
40.3504691,-3.7811327
39.9189743,-3.9396617
42.832634,-2.8939917
42.4601382,-2.3709762
42.0671313,-8.6459089
43.317191,-4.0671036
36.4374119,-5.1336958
43.3508377,-8.1973061
40.4632988,-3.7838828
41.2847296,-3.6056502
37.2266461,-3.6660844
43.3397935,-3.1071354
42.7795345,-2.9064889
42.4109675,2.8731969
43.1671903,-8.7977405
37.2932225,-5.9776791
41.1707763,-2.420852
41.1677823,-2.4178907
41.8027937,1.931127
36.519578,-4.8873433
42.1485923,2.9185575
36.7961737,-4.4668868
41.9179022,2.774882
41.8807878,2.721808
41.7413241,2.6708656
41.6203569,2.3582636
41.6025412,2.3368807
40.3971518,-3.885283
41.472921,1.9381119
40.458467,0.4061715
41.5521762,2.432207
38.0688262,-3.5689389
38.0544428,-3.5095857
42.7078047,-2.8931648
36.7537306,-3.1709774
42.4453178,-2.3400502
42.8802647,-2.6841885
42.1943222,2.5081081
40.2683798,-3.4000188
41.7191415,0.4268214
39.9876806,-6.5144907
43.3857238,-6.1266514
41.7763492,0.5558065
41.4433792,-2.5040639
36.97852,-4.4089117
40.6168571,-3.7292098
39.4552934,-0.9032328
37.1274823,-4.2926502
41.6480402,-5.7938957
41.7163283,-4.8203063
37.3599093,-5.8747134
37.3602794,-5.8766502
37.3826473,-5.8596599
42.4324846,-2.803272
37.4179765,-6.0312214
37.3963713,-6.0256909
36.711472,-4.4576146
36.5364079,-6.200542
43.0549708,-2.2601863
37.0748493,-4.5003118
37.9463629,-3.5396316
42.9203726,-2.6652843
43.2026911,-8.7621575
43.3456921,-5.859651
37.3561329,-6.959574
42.9088571,-2.8975184
43.31718,-3.9504915
43.3257976,-3.9591796
43.3381015,-3.9856611
43.3456271,-4.0061916
43.3360385,-3.8171951
37.1972013,-3.6835685
43.3459737,-3.7858151
43.3813548,-3.7478859
43.2495988,-2.803087
43.387733,-3.7417214
37.2580944,-3.658875
37.2039057,-3.679829
42.8304672,-1.7096093
36.5188378,-4.8396277
43.3395897,-3.1196557
42.7543236,-2.9068556
36.9317569,-3.5364125
37.0510581,-3.6545357
40.4072734,-3.6631958
37.2296432,-3.6385779
42.4161339,-0.3945865
37.2720063,-3.6582814
40.3498456,-3.6393041
40.5233881,-3.5979777
42.5225594,-5.4344683
43.331252,-3.8438004
43.3077524,-4.0788385
43.3194686,-4.0634591
43.2691589,-5.8022438
42.9821718,-5.8306078
43.4804121,-5.2552371
43.3991556,-4.7074899
36.7204612,-4.693965
42.4386061,-2.5359855
36.6808804,-4.4706597
39.9499655,-4.9385022
40.0112904,-4.7806322
42.2730821,-5.8679357
42.9826392,-7.5011027
38.9139709,-0.1296826
41.8443508,2.2325386
43.2918172,-3.0200568
43.0906015,-2.9175088
40.4649425,-3.7937595
39.0045151,-3.3843264
39.0216568,-3.4047954
42.536089,-2.8265051
42.6038683,-2.8577119
40.9505531,-5.6509864
39.5876775,2.6672299
36.3934969,-5.2524532
41.6168934,-4.686148
43.4085833,-3.9844887
43.3228879,-4.1775914
43.3264105,-4.1929945
43.3217694,-4.2175659
43.3216137,-4.2300931
43.3172666,-4.249245
43.3180645,-4.2662312
36.1978694,-5.3822038
43.5431891,-6.814962
42.1512447,-1.7987629
37.1450766,-3.6021922
43.3505926,-4.3664089
36.1718023,-5.4575859
36.1599198,-5.4594514
36.7493914,-3.3128777
43.2518514,-4.0750087
37.4718934,-3.5712147
37.4404869,-3.5593508
43.2840125,-4.0818717
37.5734607,-3.6104627
37.1799686,-3.940068
36.5357643,-6.1983977
41.5370452,0.4429498
41.6612827,0.6504522
41.6227371,1.4157201
41.8564532,2.4251044
43.3841208,-3.8581354
38.8262351,-0.8935874
43.3848247,-3.8465144
41.5220829,0.3836023
37.390095,-3.0097766
42.4598756,-3.6881453
42.4115647,-3.6972233
40.149738,-3.6591646
41.5278317,-0.417035
42.9147124,-8.4111537
37.1750774,-2.9360751
40.396371,-4.0424603
43.4376847,-3.8598871
43.4360459,-3.8726651
43.4316181,-3.8752369
43.4397861,-3.8759248
43.5151094,-5.6578735
43.3166848,-3.9501261
41.4067613,1.112819
41.1205594,-1.2855698
43.1981382,-2.0406839
42.3080981,-8.7231292
37.2049386,-3.7014957
40.5931541,-3.2232726
37.3278749,-3.208379
43.2787122,-4.0814231
37.1648034,-4.1692561
36.2647594,-6.0294597
42.3069345,-0.4249635
37.5948309,-2.424181
37.295069,-5.9596638
37.6188103,-2.1572458
38.622563,-0.0378376
40.5024081,-3.3347664
36.7739067,-3.5401346
38.0320978,-3.3326811
36.7529823,-3.7359402
40.6786353,-3.0966422
43.5438692,-5.8456008
37.4605862,-5.7381436
42.8070238,-2.8028856
41.463114,0.8911727
42.4715428,-2.6468932
38.8784229,-1.1327074
42.4305998,-2.4907104
42.4463298,-2.414331
42.4479872,-2.3506206
41.7686401,-1.2039905
42.0552922,-5.6873516
41.1047587,1.1370223
42.5830174,-5.6761546
39.8951656,-5.3289938
38.8813182,-0.7497869
38.9944493,-6.0969195
39.1073063,-5.8993714
41.5458466,2.4155309
41.5242955,0.0683984
42.6230761,-1.1123105
41.6012227,1.6189439
42.3783852,-3.5857027
37.8438648,-4.7928183
42.1735016,-0.4312444
42.2488073,-0.4461889
42.3604378,-0.3655312
41.9795103,-0.6891273
42.1147444,-0.2303963
42.1061246,-0.1723728
42.0858106,-0.093894
42.0660511,-0.0594643
42.0309982,0.047815
41.8773396,2.6949488
42.0071107,0.0829021
41.9921785,0.1079762
41.9183665,0.2149739
41.8847866,0.2354336
41.8337801,0.3046467
41.7777759,0.3638353
41.657243,0.5866327
38.3583626,-1.2611002
41.8002665,-1.2564597
41.5066786,0.8437224
41.5873871,-1.0986075
41.3204535,-1.7944842
41.60793,-0.8800181
42.5603589,-1.6438133
37.1377935,-3.6082792
37.1677642,-3.7093354
39.7807147,-0.3926115
39.4896217,2.8045236
39.5073713,2.771894
39.5344461,2.7330391
39.4801495,2.8507854
39.5529994,2.7037735
39.5640976,2.6711332
41.6355781,-4.7764644
39.5429808,2.5726809
39.5319623,2.544107
39.5204524,2.5213664
39.5271528,2.4896421
39.5827665,2.6703879
39.5971848,2.6512002
39.9347975,-4.1154887
39.5756193,2.6114551
39.6055308,2.6843588
39.6236262,2.7123908
39.6369142,2.7693003
41.8112171,-1.2629956
39.7786321,2.9929788
43.4391304,-3.8972104
39.7730168,2.9846336
39.746435,2.9533387
39.715527,2.9240805
41.3464509,1.7180746
37.4278554,-1.6755733
42.659665,-8.8735373
42.6235364,-8.9421352
36.6078243,-4.5435014
37.2274517,-3.5172102
43.3311108,-5.8705857
39.1344045,-0.524111
38.9371258,-1.8364134
37.2019844,-5.9248269
39.9843295,-3.1120894
41.8005666,-1.2558317
39.6956625,-3.4972242
37.3116301,-3.4079262
42.3694862,-8.6372458
38.4069431,-0.7726769
39.4765056,-3.6166882
39.8071,-3.9711527
39.9058985,-4.0659606
38.6054567,-0.7143011
39.8737746,-4.0133211
39.9922929,-4.2953888
39.914053,-4.0080191
40.0123294,-3.9566226
40.0143354,-3.8207042
40.1700337,-4.1109638
39.9896745,-3.8713387
40.0374311,-3.8851105
40.0405852,-3.6631135
42.2094874,-8.6609821
40.0182883,-3.6369651
36.4331196,-5.1668281
41.6857861,-4.815067
37.273896,-3.0954672
37.2028041,-4.796973
37.2740401,-5.4879985
37.3271858,-5.8070529
41.9540428,2.2403051
41.6681021,2.7151238
39.9525571,-3.5062421
41.8638898,2.4199565
37.2716834,-6.9855631
41.8043061,1.897774
43.3267393,-3.0800044
43.2212946,-2.7268418
40.0478194,-0.7162977
40.9213748,-4.0989198
42.2589996,-8.6768321
37.895051,-4.7458589
41.6132695,-2.9761389
38.3450006,-0.5595732
38.3909318,-0.7429571
41.2025885,-2.3578716
40.0434942,-4.3987501
40.1962618,-3.7896328
40.2831797,-3.7456491
42.0332597,-3.764688
42.8617893,-8.6310327
40.276157,-3.6887322
41.5100286,0.3350173
39.0629758,-1.936744
38.8981078,-1.5256768
43.3975346,-3.485506
43.3896237,-3.4480538
43.3805207,-5.6878617
42.2883659,-1.9575826
39.546929,-0.4643776
40.4893166,-3.8656742
41.4690618,1.9738412
41.2465496,1.8151111
41.2940121,1.5987843
41.4215087,1.8125778
41.2680693,1.5373596
41.2014948,1.5080432
41.2547897,1.728459
41.3160383,1.7243978
41.1285002,1.2267116
41.1345579,1.1439911
41.1031453,1.1325585
41.105943,1.1555752
40.6503461,-3.7355942
41.5033159,2.1222678
41.4896957,2.064405
41.5423394,2.1850077
41.4762816,2.1631618
37.2029169,-3.6756048
41.3659486,1.3003062
43.3017373,-1.9783985
38.2892929,-0.5505021
37.9222077,-1.1578562
38.0059312,-1.166655
37.9806832,-1.1384526
37.9473836,-1.1477331
39.5634084,2.6694968
40.4252636,-3.8339614
37.3845152,-6.0257658
42.0646194,-0.0569316
